bucket_id,name,mimetype,cache_control
company-assets,0a1dc0e5-7378-4d14-b7bc-646b3e652bc6/branding/favicon-1772624287428.png,image/png,max-age=3600
company-assets,0a1dc0e5-7378-4d14-b7bc-646b3e652bc6/branding/favicon-1772633564433.png,image/png,max-age=3600
company-assets,0a1dc0e5-7378-4d14-b7bc-646b3e652bc6/branding/favicon-1772633701110.png,image/png,max-age=3600
company-assets,0a1dc0e5-7378-4d14-b7bc-646b3e652bc6/branding/favicon-1772633911109.png,image/png,max-age=3600
company-assets,0a1dc0e5-7378-4d14-b7bc-646b3e652bc6/branding/logo-1772624281856.png,image/png,max-age=3600
company-assets,0a1dc0e5-7378-4d14-b7bc-646b3e652bc6/branding/logo-1772633558255.png,image/png,max-age=3600
company-assets,0a1dc0e5-7378-4d14-b7bc-646b3e652bc6/branding/logo-1772633696995.png,image/png,max-age=3600
company-assets,0a1dc0e5-7378-4d14-b7bc-646b3e652bc6/branding/logo-1772633905969.png,image/png,max-age=3600
company-assets,0a1dc0e5-7378-4d14-b7bc-646b3e652bc6/login-bg/1772634084835.png,image/png,max-age=3600
company-assets,0a1dc0e5-7378-4d14-b7bc-646b3e652bc6/login-logo/1772634072443.png,image/png,max-age=3600
documents,0a1dc0e5-7378-4d14-b7bc-646b3e652bc6/sale-documents/041ba677-2012-4bc3-b437-065abef61d6a/1772039159892-kj33m57.png,image/png,max-age=3600
documents,0a1dc0e5-7378-4d14-b7bc-646b3e652bc6/sale-documents/041ba677-2012-4bc3-b437-065abef61d6a/1772039172780-a17s8r.JPG,image/jpeg,max-age=3600
documents,0a1dc0e5-7378-4d14-b7bc-646b3e652bc6/sale-documents/07c3a289-71c8-4645-a086-40649c230991/1773794820933-0oje12.png,image/png,max-age=3600
documents,0a1dc0e5-7378-4d14-b7bc-646b3e652bc6/sale-documents/07ec2236-258d-455e-878f-cd42161250e2/1773170439930-lbbxcn.pdf,application/pdf,max-age=3600
documents,0a1dc0e5-7378-4d14-b7bc-646b3e652bc6/sale-documents/07ec2236-258d-455e-878f-cd42161250e2/1773170772539-kuaveo.pdf,application/pdf,max-age=3600
documents,0a1dc0e5-7378-4d14-b7bc-646b3e652bc6/sale-documents/07ec2236-258d-455e-878f-cd42161250e2/1773192406674-xucjnu.pdf,application/pdf,max-age=3600
documents,0a1dc0e5-7378-4d14-b7bc-646b3e652bc6/sale-documents/0bca6231-5c8f-429a-927e-da434f232e6e/1773000458835-8sv18c.jpeg,image/jpeg,max-age=3600
documents,0a1dc0e5-7378-4d14-b7bc-646b3e652bc6/sale-documents/0de9a36b-aa67-427c-b4c0-8df56d3d4a3e/1772936565944-2jfxx.jpeg,image/jpeg,max-age=3600
documents,0a1dc0e5-7378-4d14-b7bc-646b3e652bc6/sale-documents/12e1cf0e-0a42-460f-a584-bf54f4959a2f/1771177688060-8ii6bg.pdf,application/pdf,max-age=3600
documents,0a1dc0e5-7378-4d14-b7bc-646b3e652bc6/sale-documents/12e1cf0e-0a42-460f-a584-bf54f4959a2f/1771178432591-05xksm.pdf,application/pdf,max-age=3600
documents,0a1dc0e5-7378-4d14-b7bc-646b3e652bc6/sale-documents/135c2d08-a9f8-42b3-8dbe-e6e4d3f86c13/1773278175236-jkki2o.pdf,application/pdf,max-age=3600
documents,0a1dc0e5-7378-4d14-b7bc-646b3e652bc6/sale-documents/14470a90-ed1c-4e53-9f41-6c8800acb05e/1773840244101-i9mta.png,image/png,max-age=3600
documents,0a1dc0e5-7378-4d14-b7bc-646b3e652bc6/sale-documents/18e3ad40-2c0a-470a-abdf-564146847c2d/1773193787832-v5ey3i.jpg,image/jpeg,max-age=3600
documents,0a1dc0e5-7378-4d14-b7bc-646b3e652bc6/sale-documents/24b61dae-e6fa-4097-b1b8-b09f828453ee/1773178900314-lajg0j.pdf,application/pdf,max-age=3600
documents,0a1dc0e5-7378-4d14-b7bc-646b3e652bc6/sale-documents/26e95e8e-84ee-48f1-bd91-9862b723dffc/1773194063957-gw4bni.jpg,image/jpeg,max-age=3600
documents,0a1dc0e5-7378-4d14-b7bc-646b3e652bc6/sale-documents/2b1a1fb1-f511-46e9-aef4-e6cbc528dd43/1772653119706-34bhtb.pdf,application/pdf,max-age=3600
documents,0a1dc0e5-7378-4d14-b7bc-646b3e652bc6/sale-documents/2bb5d428-3921-4237-bb2f-3bde340d7846/1770661344718-enxnyw.jpeg,image/jpeg,max-age=3600
documents,0a1dc0e5-7378-4d14-b7bc-646b3e652bc6/sale-documents/381ef88e-625f-48cb-a610-14437b7a5c73/1770668097883-p63gno.jpeg,image/jpeg,max-age=3600
documents,0a1dc0e5-7378-4d14-b7bc-646b3e652bc6/sale-documents/381ef88e-625f-48cb-a610-14437b7a5c73/1770834997156-8qp7yj.pdf,application/pdf,max-age=3600
documents,0a1dc0e5-7378-4d14-b7bc-646b3e652bc6/sale-documents/381ef88e-625f-48cb-a610-14437b7a5c73/1770835343518-m613dp.pdf,application/pdf,max-age=3600
documents,0a1dc0e5-7378-4d14-b7bc-646b3e652bc6/sale-documents/45c6b20e-8c85-4dc2-aa2f-9fda28e9016c/1771965919214-xqv4hh.pdf,application/pdf,max-age=3600
documents,0a1dc0e5-7378-4d14-b7bc-646b3e652bc6/sale-documents/4eb3430d-d2ce-4aac-b987-884728e878f4/1771464193341-i4qaur.pdf,application/pdf,max-age=3600
documents,0a1dc0e5-7378-4d14-b7bc-646b3e652bc6/sale-documents/577818e1-0e69-4d98-ba9d-7cf02c5c0a77/1773012360201-voo0x.pdf,application/pdf,max-age=3600
documents,0a1dc0e5-7378-4d14-b7bc-646b3e652bc6/sale-documents/5ca1517f-e85c-4edc-9853-a1692157c033/1772108404791-qqdy2j.jpeg,image/jpeg,max-age=3600
documents,0a1dc0e5-7378-4d14-b7bc-646b3e652bc6/sale-documents/5ca1517f-e85c-4edc-9853-a1692157c033/1772108445516-8mrvd7.pdf,application/pdf,max-age=3600
documents,0a1dc0e5-7378-4d14-b7bc-646b3e652bc6/sale-documents/6161fb34-f7c2-48b6-90f7-f867a9bfce16/1772025900035-yfyob.jpeg,image/jpeg,max-age=3600
documents,0a1dc0e5-7378-4d14-b7bc-646b3e652bc6/sale-documents/6161fb34-f7c2-48b6-90f7-f867a9bfce16/1772026079975-xcphv.pdf,application/pdf,max-age=3600
documents,0a1dc0e5-7378-4d14-b7bc-646b3e652bc6/sale-documents/6385808e-db96-4a98-a063-b743c955e59e/1773865813438-1u23ic.png,image/png,max-age=3600
documents,0a1dc0e5-7378-4d14-b7bc-646b3e652bc6/sale-documents/7603e892-ad47-4a3f-b9ec-0d406f9e2539/1770836804510-xmayq.jpeg,image/jpeg,max-age=3600
documents,0a1dc0e5-7378-4d14-b7bc-646b3e652bc6/sale-documents/7603e892-ad47-4a3f-b9ec-0d406f9e2539/1770836814751-gu37tj.pdf,application/pdf,max-age=3600
documents,0a1dc0e5-7378-4d14-b7bc-646b3e652bc6/sale-documents/7603e892-ad47-4a3f-b9ec-0d406f9e2539/1770836895960-yqxehj.jpg,image/jpeg,max-age=3600
documents,0a1dc0e5-7378-4d14-b7bc-646b3e652bc6/sale-documents/7cfcb957-837b-41a8-b970-47c16f8af275/1772570341883-08tcrf.png,image/png,max-age=3600
documents,0a1dc0e5-7378-4d14-b7bc-646b3e652bc6/sale-documents/7fddde9c-ce2b-4417-9d2c-37e66a815365/1772028536756-0j294.pdf,application/pdf,max-age=3600
documents,0a1dc0e5-7378-4d14-b7bc-646b3e652bc6/sale-documents/7fddde9c-ce2b-4417-9d2c-37e66a815365/1772028554484-61qiw.jpg,image/jpeg,max-age=3600
documents,0a1dc0e5-7378-4d14-b7bc-646b3e652bc6/sale-documents/7fddde9c-ce2b-4417-9d2c-37e66a815365/1772028565723-5os9ws.jpg,image/jpeg,max-age=3600
documents,0a1dc0e5-7378-4d14-b7bc-646b3e652bc6/sale-documents/86ed9816-077a-4000-afbe-b42d062832b0/1772571381206-lmu9ur.png,image/png,max-age=3600
documents,0a1dc0e5-7378-4d14-b7bc-646b3e652bc6/sale-documents/90d09358-6ce6-4464-bb58-f06b409a753c/1772943891617-xd9zok.jpeg,image/jpeg,max-age=3600
documents,0a1dc0e5-7378-4d14-b7bc-646b3e652bc6/sale-documents/9782c905-f211-48ec-8486-7dce4f206ece/1772652457679-rjax49.pdf,application/pdf,max-age=3600
documents,0a1dc0e5-7378-4d14-b7bc-646b3e652bc6/sale-documents/9e3f81aa-da0e-41c5-89c1-528dbd93589f/1773867533655-jtihre.png,image/png,max-age=3600
documents,0a1dc0e5-7378-4d14-b7bc-646b3e652bc6/sale-documents/a466691d-cec8-4809-904c-0d6e8b1de56e/1770663429141-deh07l.jpeg,image/jpeg,max-age=3600
documents,0a1dc0e5-7378-4d14-b7bc-646b3e652bc6/sale-documents/aeca4dd9-7d27-4e8a-b801-a4af50a0e4c9/1773144850234-tq6zoiu.pdf,application/pdf,max-age=3600
documents,0a1dc0e5-7378-4d14-b7bc-646b3e652bc6/sale-documents/aeca4dd9-7d27-4e8a-b801-a4af50a0e4c9/1773144861522-sgmx4.pdf,application/pdf,max-age=3600
documents,0a1dc0e5-7378-4d14-b7bc-646b3e652bc6/sale-documents/aeca4dd9-7d27-4e8a-b801-a4af50a0e4c9/1773145296176-4gehlv.pdf,application/pdf,max-age=3600
documents,0a1dc0e5-7378-4d14-b7bc-646b3e652bc6/sale-documents/afddd2e8-7e1c-450e-8ed1-2b5dfe273bee/1772034954865-bci6ta.JPG,image/jpeg,max-age=3600
documents,0a1dc0e5-7378-4d14-b7bc-646b3e652bc6/sale-documents/b2512038-b7e9-4846-a78e-31ab194e2905/1773014286099-zooc0j.pdf,application/pdf,max-age=3600
documents,0a1dc0e5-7378-4d14-b7bc-646b3e652bc6/sale-documents/b7c47fd3-d7af-4ba3-bc92-47f320d133df/1773797240100-ldes1p.png,image/png,max-age=3600
documents,0a1dc0e5-7378-4d14-b7bc-646b3e652bc6/sale-documents/b8cea400-ab77-4c64-a7fb-2eb297615ec2/1774288779488-wzmops.pdf,application/pdf,max-age=3600
documents,0a1dc0e5-7378-4d14-b7bc-646b3e652bc6/sale-documents/c99032b6-ec92-4f03-a261-203ab5db86c6/1771877124705-ul5frw.pdf,application/pdf,max-age=3600
documents,0a1dc0e5-7378-4d14-b7bc-646b3e652bc6/sale-documents/cceef762-e61b-4a1b-84c9-c340d1507c44/1772947524666-vyuaq.jpeg,image/jpeg,max-age=3600
documents,0a1dc0e5-7378-4d14-b7bc-646b3e652bc6/sale-documents/d21d00b6-2a65-4084-9926-2a0a94e8a0b9/1773799139195-wy9593.png,image/png,max-age=3600
documents,0a1dc0e5-7378-4d14-b7bc-646b3e652bc6/sale-documents/e17ea0ee-cef5-46f9-8aa1-2905f266cda7/1773103262760-7d0nh8.jpeg,image/jpeg,max-age=3600
documents,0a1dc0e5-7378-4d14-b7bc-646b3e652bc6/sale-documents/e3a3fc62-a84c-4bc7-94f2-ef31fe594b90/1773844011129-cq312.png,image/png,max-age=3600
documents,0a1dc0e5-7378-4d14-b7bc-646b3e652bc6/sale-documents/eda239da-0a11-40cb-9d02-2114fcd786ff/1771128258022-h7o0k.pdf,application/pdf,max-age=3600
documents,0a1dc0e5-7378-4d14-b7bc-646b3e652bc6/sale-documents/f4d3bbc5-0bc0-48b9-bfce-368f338c143f/1772984156774-6gg0ca.jpeg,image/jpeg,max-age=3600
documents,0a1dc0e5-7378-4d14-b7bc-646b3e652bc6/sale-documents/f6f3af71-02c9-4d42-84ab-c7a12605bb0e/1772627504226-nxxyhq.png,image/png,max-age=3600
documents,0a1dc0e5-7378-4d14-b7bc-646b3e652bc6/template-annexes/d49dbfc0-eff4-4bdf-81de-be52e3724812/1771940339048-Plan SEVEN 2025 (4).pdf,application/pdf,max-age=3600
documents,0a1dc0e5-7378-4d14-b7bc-646b3e652bc6/template-annexes/fab01135-5a15-4ccb-8392-475e6f828aba/1773147843980-Plan BETA.pdf,application/pdf,max-age=3600
documents,0a1dc0e5-7378-4d14-b7bc-646b3e652bc6/template-assets/185b3a43-262e-472d-90de-e6678514623b/original.docx,application/vnd.openxmlformats-officedocument.wordprocessingml.document,max-age=3600
documents,0a1dc0e5-7378-4d14-b7bc-646b3e652bc6/template-assets/4cc9ed14-219e-42ab-835d-d92544645d5f/original.png,image/png,max-age=3600
documents,0a1dc0e5-7378-4d14-b7bc-646b3e652bc6/template-assets/5b77258f-3cc4-44dc-9f9a-856d47b32004/original.docx,application/vnd.openxmlformats-officedocument.wordprocessingml.document,max-age=3600
documents,0a1dc0e5-7378-4d14-b7bc-646b3e652bc6/template-assets/a77d651f-d15f-4b20-b646-a4a8dd0f4f8c/original.pdf,application/pdf,max-age=3600
documents,0a1dc0e5-7378-4d14-b7bc-646b3e652bc6/template-assets/a77d651f-d15f-4b20-b646-a4a8dd0f4f8c/previews/page-1.png,image/png,max-age=3600
documents,0a1dc0e5-7378-4d14-b7bc-646b3e652bc6/template-assets/a77d651f-d15f-4b20-b646-a4a8dd0f4f8c/previews/page-2.png,image/png,max-age=3600
documents,0a1dc0e5-7378-4d14-b7bc-646b3e652bc6/template-assets/a77d651f-d15f-4b20-b646-a4a8dd0f4f8c/previews/page-3.png,image/png,max-age=3600
documents,0a1dc0e5-7378-4d14-b7bc-646b3e652bc6/template-assets/a77d651f-d15f-4b20-b646-a4a8dd0f4f8c/previews/page-4.png,image/png,max-age=3600
documents,0a1dc0e5-7378-4d14-b7bc-646b3e652bc6/template-assets/a77d651f-d15f-4b20-b646-a4a8dd0f4f8c/previews/page-5.png,image/png,max-age=3600
documents,0a1dc0e5-7378-4d14-b7bc-646b3e652bc6/template-assets/ab74fab2-534d-415e-acab-27120ddf964c/original.png,image/png,max-age=3600
documents,0a1dc0e5-7378-4d14-b7bc-646b3e652bc6/template-assets/b4744cb2-409c-4e13-93db-2701a000fc65/original.png,image/png,max-age=3600
documents,0a1dc0e5-7378-4d14-b7bc-646b3e652bc6/template-assets/d5e84741-83c0-415c-a75b-2f46fc0a19b8/original.png,image/png,max-age=3600
documents,0a1dc0e5-7378-4d14-b7bc-646b3e652bc6/template-assets/eb599139-4482-4a05-a387-5ecc286c362c/original.docx,application/vnd.openxmlformats-officedocument.wordprocessingml.document,max-age=3600
documents,0a1dc0e5-7378-4d14-b7bc-646b3e652bc6/template-assets/f65fbd9b-a957-46b9-89d4-68318ee51c0d/original.docx,application/vnd.openxmlformats-officedocument.wordprocessingml.document,max-age=3600
documents,0a1dc0e5-7378-4d14-b7bc-646b3e652bc6/template-images/1773692489489-logo_samap.png,image/png,max-age=3600
documents,0a1dc0e5-7378-4d14-b7bc-646b3e652bc6/template-images/1773692511741-logo2_samap.png,image/png,max-age=3600
documents,0a1dc0e5-7378-4d14-b7bc-646b3e652bc6/template-images/1773755560148-logo_samap.png,image/png,max-age=3600
documents,0a1dc0e5-7378-4d14-b7bc-646b3e652bc6/template-images/1773755585367-logo2_samap.png,image/png,max-age=3600
documents,0a1dc0e5-7378-4d14-b7bc-646b3e652bc6/template-images/1773755635598-ChatGPT_Image_12_mar_2026__10_48_00_a.m..png,image/png,max-age=3600
documents,0a1dc0e5-7378-4d14-b7bc-646b3e652bc6/template-images/1773756030693-logo_samap.png,image/png,max-age=3600
documents,0a1dc0e5-7378-4d14-b7bc-646b3e652bc6/template-images/1773756053543-logo2_samap.png,image/png,max-age=3600
documents,0a1dc0e5-7378-4d14-b7bc-646b3e652bc6/template-images/1773763454056-ChatGPT_Image_12_mar_2026__10_48_00_a.m..png,image/png,max-age=3600
documents,0a1dc0e5-7378-4d14-b7bc-646b3e652bc6/template-images/1773777553215-zocalo.png,image/png,max-age=3600
documents,contracts/base/07ec2236-258d-455e-878f-cd42161250e2/a14601f9-f870-430c-a444-990e73fdc84e.pdf,application/pdf,max-age=3600
documents,contracts/base/07ec2236-258d-455e-878f-cd42161250e2/bd7751a3-b182-493c-8cad-5f82497e19c2.pdf,application/pdf,max-age=3600
documents,contracts/base/07ec2236-258d-455e-878f-cd42161250e2/fe87f28e-84fe-4024-81c6-04ddb5ef5188.pdf,application/pdf,max-age=3600
documents,contracts/base/0bca6231-5c8f-429a-927e-da434f232e6e/23ba8b61-e26e-4fcb-8556-6b2cdb3a9b12.pdf,application/pdf,max-age=3600
documents,contracts/base/0bca6231-5c8f-429a-927e-da434f232e6e/74dcb37d-48d1-4aab-9047-d460f9010568.pdf,application/pdf,max-age=3600
documents,contracts/base/0bca6231-5c8f-429a-927e-da434f232e6e/b76b878b-4575-48a3-8b42-b6de169d7c03.pdf,application/pdf,max-age=3600
documents,contracts/base/0bca6231-5c8f-429a-927e-da434f232e6e/e359ee73-0d48-441d-a0c4-ea4e384839c5.pdf,application/pdf,max-age=3600
documents,contracts/base/90d09358-6ce6-4464-bb58-f06b409a753c/3a57775d-d061-4671-be0a-37f1697a642e.pdf,application/pdf,max-age=3600
documents,contracts/base/90d09358-6ce6-4464-bb58-f06b409a753c/4b2418dd-11e4-4873-a0b7-a588385ec00b.pdf,application/pdf,max-age=3600
documents,contracts/base/90d09358-6ce6-4464-bb58-f06b409a753c/bb437c04-dded-42e2-b269-4bf12443ab76.pdf,application/pdf,max-age=3600
documents,contracts/base/aeca4dd9-7d27-4e8a-b801-a4af50a0e4c9/31ef1c0e-da8c-4431-a1d8-a12926a31c94.pdf,application/pdf,max-age=3600
documents,contracts/base/aeca4dd9-7d27-4e8a-b801-a4af50a0e4c9/3f7fe2f4-73c8-471a-a94a-0d8bde7b3531.pdf,application/pdf,max-age=3600
documents,contracts/base/aeca4dd9-7d27-4e8a-b801-a4af50a0e4c9/7c97adb9-4a71-4321-b9aa-9c1b7c5de14a.pdf,application/pdf,max-age=3600
documents,contracts/base/b2512038-b7e9-4846-a78e-31ab194e2905/14e77d30-dd94-4ce5-86b7-9842506407e0.pdf,application/pdf,max-age=3600
documents,contracts/base/b2512038-b7e9-4846-a78e-31ab194e2905/427ef3ab-fecf-486a-8cd0-e9e3467c07dd.pdf,application/pdf,max-age=3600
documents,contracts/base/b2512038-b7e9-4846-a78e-31ab194e2905/7664bdc9-e515-41e8-92e6-54fb936b2f6d.pdf,application/pdf,max-age=3600
documents,contracts/base/b8cea400-ab77-4c64-a7fb-2eb297615ec2/00d5039e-5838-4e50-81c5-5ef662a351b8.pdf,application/pdf,max-age=3600
documents,contracts/base/b8cea400-ab77-4c64-a7fb-2eb297615ec2/a82f1a4b-9410-4a99-94d1-046d70d0df84.pdf,application/pdf,max-age=3600
documents,contracts/base/b8cea400-ab77-4c64-a7fb-2eb297615ec2/ddb05fa3-cb70-4f1c-841b-759d14c478e8.pdf,application/pdf,max-age=3600
documents,contracts/base/cceef762-e61b-4a1b-84c9-c340d1507c44/5a85296c-59f2-4d8a-bd0a-a0f9d5c3655f.pdf,application/pdf,max-age=3600
documents,contracts/base/cceef762-e61b-4a1b-84c9-c340d1507c44/7692a5e2-6b5a-4c13-9ea5-89829c81b792.pdf,application/pdf,max-age=3600
documents,contracts/base/d21d00b6-2a65-4084-9926-2a0a94e8a0b9/54ba8b23-8629-4a85-adb8-45cf2422313f.pdf,application/pdf,max-age=3600
documents,contracts/base/d21d00b6-2a65-4084-9926-2a0a94e8a0b9/54cea53a-864c-49e9-97df-b14d531a6cba.pdf,application/pdf,max-age=3600
documents,contracts/base/e17ea0ee-cef5-46f9-8aa1-2905f266cda7/094af5dc-6f1d-42b4-a79e-114cb996bed5.pdf,application/pdf,max-age=3600
documents,contracts/base/e17ea0ee-cef5-46f9-8aa1-2905f266cda7/72167ebc-bcb7-4f05-a253-1f508d00f529.pdf,application/pdf,max-age=3600
documents,contracts/evidence/07ec2236-258d-455e-878f-cd42161250e2/a14601f9-f870-430c-a444-990e73fdc84e.pdf,application/pdf,max-age=3600
documents,contracts/evidence/07ec2236-258d-455e-878f-cd42161250e2/bd7751a3-b182-493c-8cad-5f82497e19c2.pdf,application/pdf,max-age=3600
documents,contracts/evidence/07ec2236-258d-455e-878f-cd42161250e2/fe87f28e-84fe-4024-81c6-04ddb5ef5188.pdf,application/pdf,max-age=3600
documents,contracts/evidence/0bca6231-5c8f-429a-927e-da434f232e6e/23ba8b61-e26e-4fcb-8556-6b2cdb3a9b12.pdf,application/pdf,max-age=3600
documents,contracts/evidence/0bca6231-5c8f-429a-927e-da434f232e6e/74dcb37d-48d1-4aab-9047-d460f9010568.pdf,application/pdf,max-age=3600
documents,contracts/evidence/0bca6231-5c8f-429a-927e-da434f232e6e/b76b878b-4575-48a3-8b42-b6de169d7c03.pdf,application/pdf,max-age=3600
documents,contracts/evidence/0bca6231-5c8f-429a-927e-da434f232e6e/e359ee73-0d48-441d-a0c4-ea4e384839c5.pdf,application/pdf,max-age=3600
documents,contracts/evidence/aeca4dd9-7d27-4e8a-b801-a4af50a0e4c9/31ef1c0e-da8c-4431-a1d8-a12926a31c94.pdf,application/pdf,max-age=3600
documents,contracts/evidence/aeca4dd9-7d27-4e8a-b801-a4af50a0e4c9/3f7fe2f4-73c8-471a-a94a-0d8bde7b3531.pdf,application/pdf,max-age=3600
documents,contracts/evidence/aeca4dd9-7d27-4e8a-b801-a4af50a0e4c9/7c97adb9-4a71-4321-b9aa-9c1b7c5de14a.pdf,application/pdf,max-age=3600
documents,contracts/evidence/b2512038-b7e9-4846-a78e-31ab194e2905/14e77d30-dd94-4ce5-86b7-9842506407e0.pdf,application/pdf,max-age=3600
documents,contracts/evidence/b2512038-b7e9-4846-a78e-31ab194e2905/427ef3ab-fecf-486a-8cd0-e9e3467c07dd.pdf,application/pdf,max-age=3600
documents,contracts/evidence/b2512038-b7e9-4846-a78e-31ab194e2905/7664bdc9-e515-41e8-92e6-54fb936b2f6d.pdf,application/pdf,max-age=3600
documents,contracts/evidence/b8cea400-ab77-4c64-a7fb-2eb297615ec2/00d5039e-5838-4e50-81c5-5ef662a351b8.pdf,application/pdf,max-age=3600
documents,contracts/evidence/b8cea400-ab77-4c64-a7fb-2eb297615ec2/a82f1a4b-9410-4a99-94d1-046d70d0df84.pdf,application/pdf,max-age=3600
documents,contracts/evidence/b8cea400-ab77-4c64-a7fb-2eb297615ec2/ddb05fa3-cb70-4f1c-841b-759d14c478e8.pdf,application/pdf,max-age=3600
documents,contracts/evidence/d21d00b6-2a65-4084-9926-2a0a94e8a0b9/54ba8b23-8629-4a85-adb8-45cf2422313f.pdf,application/pdf,max-age=3600
documents,contracts/evidence/d21d00b6-2a65-4084-9926-2a0a94e8a0b9/54cea53a-864c-49e9-97df-b14d531a6cba.pdf,application/pdf,max-age=3600
documents,contracts/evidence/e17ea0ee-cef5-46f9-8aa1-2905f266cda7/094af5dc-6f1d-42b4-a79e-114cb996bed5.pdf,application/pdf,max-age=3600
documents,contracts/evidence/e17ea0ee-cef5-46f9-8aa1-2905f266cda7/72167ebc-bcb7-4f05-a253-1f508d00f529.pdf,application/pdf,max-age=3600
documents,contracts/signed/07ec2236-258d-455e-878f-cd42161250e2/a14601f9-f870-430c-a444-990e73fdc84e.pdf,application/pdf,max-age=3600
documents,contracts/signed/07ec2236-258d-455e-878f-cd42161250e2/bd7751a3-b182-493c-8cad-5f82497e19c2.pdf,application/pdf,max-age=3600
documents,contracts/signed/07ec2236-258d-455e-878f-cd42161250e2/fe87f28e-84fe-4024-81c6-04ddb5ef5188.pdf,application/pdf,max-age=3600
documents,contracts/signed/0bca6231-5c8f-429a-927e-da434f232e6e/23ba8b61-e26e-4fcb-8556-6b2cdb3a9b12.pdf,application/pdf,max-age=3600
documents,contracts/signed/0bca6231-5c8f-429a-927e-da434f232e6e/74dcb37d-48d1-4aab-9047-d460f9010568.pdf,application/pdf,max-age=3600
documents,contracts/signed/0bca6231-5c8f-429a-927e-da434f232e6e/b76b878b-4575-48a3-8b42-b6de169d7c03.pdf,application/pdf,max-age=3600
documents,contracts/signed/0bca6231-5c8f-429a-927e-da434f232e6e/e359ee73-0d48-441d-a0c4-ea4e384839c5.pdf,application/pdf,max-age=3600
documents,contracts/signed/aeca4dd9-7d27-4e8a-b801-a4af50a0e4c9/31ef1c0e-da8c-4431-a1d8-a12926a31c94.pdf,application/pdf,max-age=3600
documents,contracts/signed/aeca4dd9-7d27-4e8a-b801-a4af50a0e4c9/3f7fe2f4-73c8-471a-a94a-0d8bde7b3531.pdf,application/pdf,max-age=3600
documents,contracts/signed/aeca4dd9-7d27-4e8a-b801-a4af50a0e4c9/7c97adb9-4a71-4321-b9aa-9c1b7c5de14a.pdf,application/pdf,max-age=3600
documents,contracts/signed/b2512038-b7e9-4846-a78e-31ab194e2905/14e77d30-dd94-4ce5-86b7-9842506407e0.pdf,application/pdf,max-age=3600
documents,contracts/signed/b2512038-b7e9-4846-a78e-31ab194e2905/427ef3ab-fecf-486a-8cd0-e9e3467c07dd.pdf,application/pdf,max-age=3600
documents,contracts/signed/b2512038-b7e9-4846-a78e-31ab194e2905/7664bdc9-e515-41e8-92e6-54fb936b2f6d.pdf,application/pdf,max-age=3600
documents,contracts/signed/b8cea400-ab77-4c64-a7fb-2eb297615ec2/00d5039e-5838-4e50-81c5-5ef662a351b8.pdf,application/pdf,max-age=3600
documents,contracts/signed/b8cea400-ab77-4c64-a7fb-2eb297615ec2/a82f1a4b-9410-4a99-94d1-046d70d0df84.pdf,application/pdf,max-age=3600
documents,contracts/signed/b8cea400-ab77-4c64-a7fb-2eb297615ec2/ddb05fa3-cb70-4f1c-841b-759d14c478e8.pdf,application/pdf,max-age=3600
documents,contracts/signed/d21d00b6-2a65-4084-9926-2a0a94e8a0b9/54ba8b23-8629-4a85-adb8-45cf2422313f.pdf,application/pdf,max-age=3600
documents,contracts/signed/d21d00b6-2a65-4084-9926-2a0a94e8a0b9/54cea53a-864c-49e9-97df-b14d531a6cba.pdf,application/pdf,max-age=3600
documents,contracts/signed/e17ea0ee-cef5-46f9-8aa1-2905f266cda7/094af5dc-6f1d-42b4-a79e-114cb996bed5.pdf,application/pdf,max-age=3600
documents,contracts/signed/e17ea0ee-cef5-46f9-8aa1-2905f266cda7/72167ebc-bcb7-4f05-a253-1f508d00f529.pdf,application/pdf,max-age=3600
incidents,incidents/afb0e371-14d8-433a-9663-c1a262746c4f/1773410647904.jpeg,image/jpeg,max-age=3600
incidents,incidents/c8f296b8-dafb-407f-b4cd-3f30a7687550/1773413911346-918bdc0b-2750-4c45-b25b-bf39039234d9-WhatsApp-Image-2026-03-09-at-16.40.52.jpeg,image/jpeg,max-age=3600
